{"cameraMode":{"drawMode":0,"name":"Shaded","section":"Shading Mode"},"sceneLighting":false,"audioPlay":false,"sceneViewState":{"m_AlwaysRefresh":false,"showFog":true,"showSkybox":false,"showFlares":true,"showImageEffects":true,"showParticleSystems":true,"showVisualEffectGraphs":true,"m_FxEnabled":false},"in2DMode":false,"pivot":{"x":0.0000054836273193359378,"y":0.34373167157173159,"z":-7.610490798950195},"rotation":{"x":-0.02983711287379265,"y":-0.6050777435302734,"z":-0.022701071575284005,"w":0.7952833771705627},"size":1.103528380393982,"orthographic":false}