{"cameraMode":{"drawMode":0,"name":"Shaded","section":"Shading Mode"},"sceneLighting":false,"audioPlay":false,"sceneViewState":{"m_AlwaysRefresh":false,"showFog":true,"showSkybox":false,"showFlares":true,"showImageEffects":true,"showParticleSystems":true,"showVisualEffectGraphs":true,"m_FxEnabled":false},"in2DMode":false,"pivot":{"x":0.000002384185791015625,"y":-0.40803682804107668,"z":0.4557492733001709},"rotation":{"x":-0.02983711287379265,"y":-0.6050777435302734,"z":-0.022701071575284005,"w":0.7952833771705627},"size":0.2658539414405823,"orthographic":false}