{"cameraMode":{"drawMode":0,"name":"Shaded","section":"Shading Mode"},"sceneLighting":false,"audioPlay":false,"sceneViewState":{"m_AlwaysRefresh":false,"showFog":true,"showSkybox":false,"showFlares":true,"showImageEffects":true,"showParticleSystems":true,"showVisualEffectGraphs":true,"m_FxEnabled":true},"in2DMode":false,"pivot":{"x":-0.4497482478618622,"y":-0.025601068511605264,"z":0.8618812561035156},"rotation":{"x":0.049289118498563769,"y":0.9489599466323853,"z":-0.24787721037864686,"w":0.1887076199054718},"size":1.7124040126800538,"orthographic":false}